{
  "objectives": [
    "balanced",
    "worst_group"
  ],
  "description": "Balanced plug-in via Algorithm 1. Uses 3 experts with gating network.",
  "method": "plug-in_balanced_val_selection_gating",
  "experts": [
    "ce_baseline",
    "logitadjust_baseline",
    "balsoftmax_baseline"
  ],
  "results_per_cost": [
    {
      "target_rejection": 0.0,
      "cost_val": 4.952320098876953,
      "cost_test": 7.31413459777832,
      "alpha": [
        1.9400074333784052,
        0.05988790607904439
      ],
      "mu": [
        0.0,
        15.0
      ],
      "val_metrics": {
        "balanced_error": 0.46986979805759954,
        "worst_group_error": 0.473893462012973,
        "coverage": 0.999000072479248,
        "rejection_rate": 0.0009999275207519531,
        "group_errors": [
          0.473893462012973,
          0.46584613410222614
        ]
      },
      "test_metrics": {
        "balanced_error": 0.4967260104197663,
        "worst_group_error": 0.4981443204912824,
        "coverage": 1.0,
        "rejection_rate": 0.0,
        "group_errors": [
          0.4981443204912824,
          0.49530770034825017
        ]
      }
    },
    {
      "target_rejection": 0.1,
      "cost_val": 2.9705452919006348,
      "cost_test": 3.129080295562744,
      "alpha": [
        1.8244760547542693,
        0.05030886119264786
      ],
      "mu": [
        0.0,
        13.75
      ],
      "val_metrics": {
        "balanced_error": 0.4211134843488019,
        "worst_group_error": 0.4510181909800153,
        "coverage": 0.8990000486373901,
        "rejection_rate": 0.10099995136260986,
        "group_errors": [
          0.4510181909800153,
          0.3912087777175885
        ]
      },
      "test_metrics": {
        "balanced_error": 0.4626166348959527,
        "worst_group_error": 0.479062624571554,
        "coverage": 0.8998750448226929,
        "rejection_rate": 0.10012495517730713,
        "group_errors": [
          0.479062624571554,
          0.4461706452203515
        ]
      }
    },
    {
      "target_rejection": 0.2,
      "cost_val": 1.505056381225586,
      "cost_test": 1.600014090538025,
      "alpha": [
        1.608300305882569,
        0.04455209979972381
      ],
      "mu": [
        0.0,
        21.5
      ],
      "val_metrics": {
        "balanced_error": 0.37821142663447965,
        "worst_group_error": 0.4018918367758057,
        "coverage": 0.800000011920929,
        "rejection_rate": 0.19999998807907104,
        "group_errors": [
          0.4018918367758057,
          0.3545310164931536
        ]
      },
      "test_metrics": {
        "balanced_error": 0.4217091994423682,
        "worst_group_error": 0.4324309603745318,
        "coverage": 0.800000011920929,
        "rejection_rate": 0.19999998807907104,
        "group_errors": [
          0.4324309603745318,
          0.41098743851020453
        ]
      }
    },
    {
      "target_rejection": 0.3,
      "cost_val": 1.5060986280441284,
      "cost_test": 1.5711097717285156,
      "alpha": [
        1.456359972455116,
        0.037870303075780015
      ],
      "mu": [
        0.0,
        22.0
      ],
      "val_metrics": {
        "balanced_error": 0.32498866129293635,
        "worst_group_error": 0.34214061451335265,
        "coverage": 0.7000000476837158,
        "rejection_rate": 0.2999999523162842,
        "group_errors": [
          0.34214061451335265,
          0.30783670807252006
        ]
      },
      "test_metrics": {
        "balanced_error": 0.3691181585385387,
        "worst_group_error": 0.3830456872185265,
        "coverage": 0.7000000476837158,
        "rejection_rate": 0.2999999523162842,
        "group_errors": [
          0.3830456872185265,
          0.3551906298585508
        ]
      }
    },
    {
      "target_rejection": 0.4,
      "cost_val": 1.8308029174804688,
      "cost_test": 1.8079853057861328,
      "alpha": [
        1.3031576961105666,
        0.031660773074065035
      ],
      "mu": [
        0.0,
        19.0
      ],
      "val_metrics": {
        "balanced_error": 0.28179792404116955,
        "worst_group_error": 0.30325524456732167,
        "coverage": 0.6000000238418579,
        "rejection_rate": 0.3999999761581421,
        "group_errors": [
          0.30325524456732167,
          0.2603406035150174
        ]
      },
      "test_metrics": {
        "balanced_error": 0.3255238859280654,
        "worst_group_error": 0.3352423678539545,
        "coverage": 0.6000000238418579,
        "rejection_rate": 0.3999999761581421,
        "group_errors": [
          0.3352423678539545,
          0.3158054040021763
        ]
      }
    },
    {
      "target_rejection": 0.5,
      "cost_val": 3.0411219596862793,
      "cost_test": 2.9880247116088867,
      "alpha": [
        1.1924907732994252,
        0.021918225668312828
      ],
      "mu": [
        0.0,
        8.0
      ],
      "val_metrics": {
        "balanced_error": 0.26157824677018604,
        "worst_group_error": 0.3057651936368254,
        "coverage": 0.5010000467300415,
        "rejection_rate": 0.4989999532699585,
        "group_errors": [
          0.3057651936368254,
          0.2173912999035467
        ]
      },
      "test_metrics": {
        "balanced_error": 0.305905802888752,
        "worst_group_error": 0.3109864874309558,
        "coverage": 0.5001250505447388,
        "rejection_rate": 0.49987494945526123,
        "group_errors": [
          0.3109864874309558,
          0.3008251183465483
        ]
      }
    },
    {
      "target_rejection": 0.6,
      "cost_val": 1.4206569194793701,
      "cost_test": 1.4203972816467285,
      "alpha": [
        0.931904500527442,
        0.02141126016251807
      ],
      "mu": [
        0.0,
        22.0
      ],
      "val_metrics": {
        "balanced_error": 0.2266012214009947,
        "worst_group_error": 0.22718766733644608,
        "coverage": 0.4010000228881836,
        "rejection_rate": 0.5989999771118164,
        "group_errors": [
          0.22718766733644608,
          0.2260147754655433
        ]
      },
      "test_metrics": {
        "balanced_error": 0.20926210876640422,
        "worst_group_error": 0.21408577050215707,
        "coverage": 0.40012502670288086,
        "rejection_rate": 0.5998749732971191,
        "group_errors": [
          0.20443844703065134,
          0.21408577050215707
        ]
      }
    },
    {
      "target_rejection": 0.7,
      "cost_val": 1.453765869140625,
      "cost_test": 1.4039134979248047,
      "alpha": [
        0.7892131431290228,
        0.013932545383891569
      ],
      "mu": [
        0.0,
        21.5
      ],
      "val_metrics": {
        "balanced_error": 0.15321116879301333,
        "worst_group_error": 0.15932381782753247,
        "coverage": 0.30100002884864807,
        "rejection_rate": 0.6989999711513519,
        "group_errors": [
          0.15932381782753247,
          0.1470985197584942
        ]
      },
      "test_metrics": {
        "balanced_error": 0.15958550492057277,
        "worst_group_error": 0.1624169418274032,
        "coverage": 0.30012500286102295,
        "rejection_rate": 0.699874997138977,
        "group_errors": [
          0.1567540680137423,
          0.1624169418274032
        ]
      }
    },
    {
      "target_rejection": 0.8,
      "cost_val": 2.85137939453125,
      "cost_test": 2.445674419403076,
      "alpha": [
        0.6201305459731775,
        0.005503285742768397
      ],
      "mu": [
        0.0,
        6.25
      ],
      "val_metrics": {
        "balanced_error": 0.08812686558522528,
        "worst_group_error": 0.09913793511854825,
        "coverage": 0.20100000500679016,
        "rejection_rate": 0.7989999949932098,
        "group_errors": [
          0.07711579605190232,
          0.09913793511854825
        ]
      },
      "test_metrics": {
        "balanced_error": 0.12368054764508468,
        "worst_group_error": 0.1625158300629587,
        "coverage": 0.20012500882148743,